o_que_vendo,tipos_de_produto,o_que_nao_vendo
Bioquímica,,
Coagulação,,
Enfermagem,material;materiais,uniforme;contratação;profissional;técnico
Coleta a vácuo,,
Tubo,vácuo;falcon;criogênico;ensaio,papelaria;caneta
produtos,laboratoriais,
Microbiologia,,
diagnóstico,,
soluções diagnósticas,,
análises clínicas,,
laboratório,,
laboratório clínico,,
reagentes,,
reagente químico,,
reagentes laboratoriais,,
kits diagnósticos,,
testes rápidos,imunologia;microbiologia;hematologia,
bioquímica,,
insumos hospitalares,,vestimenta;roupa
coleta de sangue,insumos;laboratoriais;pipetas;micropipetas;tubos;centrífuga;laboratorial,
material hospitalar,,vestimenta;roupa;avental
meio de cultura,meio;cultura;meios;microbiológico;bacteriológico;microbiologia;ágar;agar;sangue;chocolate;MacConkey;cled;Mueller;Hinton;sabouraud;nutriente;eosina;metileno;baird;parker;xilose;lisina;desoxicolato;salmonella;shigella;cromogênico;tripticase;tsa;tsb;caldo;nutritivo;tioglicolato;tetrationato;enriquecido;diferencial;desidratado;placa;pronta,
agulha hipodérmica,,fio de sutura
agulha descartável,,fio de sutura
agulha para seringa,,fio de sutura
agulha estéril,agulha;exames;laboratoriais;análises;clínicas,fio de sutura
seringa descartável,,
seringa hipodérmica,,
NG-Test,,
Teste Rápido,,
KPC/OXA/VIM/IMP/NDM,,
Ágar,,
microbiológico,,
Autoclave,,
REAGENTES,,
ANTICORPOS,,
IMUNOFLUORESCÊNCIA,,
MacConkey,,
Wiener,,
AUTOCLAVE,,
lâmina,microscopia;silanizada;laboratório;K-Cell,laringoscópio;estilete;bisturi;pvc
lamínula,,
coloração,,alimento;linguiça;carne;açúcar;ervilha;milho;comida;dente
tuberculose,MPT64,
disco,antibiograma,
tiras MIC,,
urina,tira;coletor,
hCG,,
cepa,,vassoura;rodo
microtubo,,
soro,,etiqueta;fisiológico;medicamento;leite;materno;glicosado
indicador,,fonte;fralda;bateria
Placa pronta,,
glutol,,
gluc,,
lactol,,
placa,petri;PCR;cultivo;célula,
bandagem pós,,
garrote,coleta,garoto;pneumático
sangue oculto,,
coliformes,,
gerador,anaerobiose;atmosfera,elétrico
caldo,frasco,
cromogênico,,
membrana,filtrante,
alça,inoculação,
células,,notebook
amostrador,ar,
saco,amostra,
balança,analítica,manutenção
cubeta,,
rack,tubo;microtubo,
estante,tubo;microtubo,
caixa,tubo;microtubo,
espalhador,células;micro,
tampa,tubo,
microplaca,,
barquinha,,
RODAC,,
pH,tira,
PCR,,
câmara,Neubauer;fuchs,
refratômetro,,
navalha,,
vial,,
parafilm,,
barra magnética,,
parasitofiltro,,
béquer,,
proveta,,
almotolia,,
pisseta,,
sistema de filtração,,
coleta,sangue,
fotômetro,,
termociclador,,manutenção
Gram,bactéria,
tira,urina,
micrótomo,,
antibiograma,,
